Title,Link
Doctor Banenge üßë‚Äç‚öïÔ∏è #MastanFamily #shorts,https://www.youtube.com/shorts/g6xA61v0LSk
Tujhe Nahi Pata üòÇ #MastanFamily #shorts,https://www.youtube.com/shorts/L9875RWXGFE
Koi Kaala Tika Lagao Re üòÇ #MastanFamily #shorts,https://www.youtube.com/shorts/UDA_I5mzkgQ
Ja Rahe He Kam Karne üòÇ #MastanFamily #shorts,https://www.youtube.com/shorts/MtK4DmRAjV4
,https://www.youtube.com/shorts/JgHLHgQHCkw
,https://www.youtube.com/shorts/phtVd2Vxh2I
PUSHPA PUSHPA Song Promoüî• - Pushpa 2 The Rule | Allu Arjun | Sukumar | Rashmika | Fahadh Faasil |DSP,https://www.youtube.com/watch?v=l2nmWCKaR-U
New House Garden | Kitchen Island Mistake | Feeding 10 Stary Dogs | Adi Reddy | New Home Garden,https://www.youtube.com/watch?v=_G6NDI30_gI
Introducing Ashwatthama - Kalki 2898 AD | Amitabh | Prabhas | Kamal Haasan | Deepika | Nag Ashwin,https://www.youtube.com/watch?v=t_E5zjFj6Ew
COOLIE - #Thalaivar171 Title Teaser (Telugu) | Superstar Rajinikanth | Sun Pictures| Lokesh| Anirudh,https://www.youtube.com/watch?v=vHk8tqbeq5o
"Padamati Sandhyaragam | Premiere Ep 504 Preview - Apr 27 2024 | Jaya Siri, Sai Kiran, Anil | ZEE5",https://www.youtube.com/watch?v=0cWb_EmnkYg
Aa Okkati Adakku - Official Trailer | Allari Naresh | Faria | Malli | Gopi Sundar | Rajiv Chilaka,https://www.youtube.com/watch?v=OK4NIfMxdQE
‡∞ï‡∞∞‡±Å‡∞µ‡±Å ‡∞™‡∞®‡∞ø‡∞ï‡∞ø ‡∞™‡±ã‡∞§‡±á - 2 | My village show | Anil geela | Gangavva | 100 days work | Village fun video,https://www.youtube.com/watch?v=DwOlFBAyeZI
"Nindu Noorella Saavasam | Premiere Ep 219 Preview - Apr 24 2024 | Richard Jose, Nisarga | ZEE5",https://www.youtube.com/watch?v=7ErI3SfG_IM
Pallakilo Puttadi Bomma Glimpse || Love Failure Song || Vedha Ponnam || Madeen Sk || Djshiva Vangoor,https://www.youtube.com/watch?v=LAyi05_7YRI
"Ammayi Garu | Premiere Ep 468 Preview - Apr 27 2024 | Nisha Ravikrishnan, Yaswantha | ZEE5",https://www.youtube.com/watch?v=-FanuMT_AXA
The CRINGE Side Of IPL 2024,https://www.youtube.com/watch?v=qwXccMCvDw0
‡∞ó‡∞Ç‡∞ó‡∞µ‡±ç‡∞µ ‡∞ö‡∞≤‡∞ø‡∞µ‡±á‡∞Ç‡∞¶‡±ç‡∞∞‡∞Ç ‡∞™‡±Ü‡∞°‡∞ø‡∞§‡±á..? | Village Summer problems | My Village Show | Chandhu | Gangavva,https://www.youtube.com/watch?v=5l7WNwHMrLQ
Team Leader || Episode - 4 || Shravan Kotha || Tanmayee || Shrija Reddy || Telugu Web Series 2024,https://www.youtube.com/watch?v=lrfMWQ1kFo4
Satyabhama - Promo | 26th Apr 2024 | Star Maa Serials | Mon-Fri at 9.30 pm | Star Maa,https://www.youtube.com/watch?v=TO_jng4fWj8
"New Zealand Tour Of Pakistan, 2024 | Pakistan vs New Zealand, 4th T20I | Highlights",https://www.youtube.com/watch?v=HGEvvGJzErM
"LS Elections 2024:‚ÄòWill end Muslim reservation granted by Cong & TRS‚Äô, says Amit Shah in Telangana",https://www.youtube.com/watch?v=C5z313vIhoY
Deadpool & Wolverine | Official Telugu Trailer | In Cinemas July 26,https://www.youtube.com/watch?v=L-kiatWK3gE
Traditional Telugu Food | Anchor Anjali | Palle Vindu | Street Byte | Silly Monks,https://www.youtube.com/watch?v=ME3yquoiyoc
Guppedantha Manasu - Promo | 26th Apr 2024 | Star Maa Serials | Mon-Sat at 12.30 PM | Star Maa,https://www.youtube.com/watch?v=WxxUwDgPDPw
Bigg Boss Vasanthi Krishnan With Shobha Shetty Special Show Full Interview | Coffee With Shobha,https://www.youtube.com/watch?v=UcrQd0BQVds
Happy Afternoon ! Dominating Top 1 Grandmaster V Badge Lobby ‚ù§ Free Fire Live,https://www.youtube.com/watch?v=6LZFHSlEY8g
Krishna Mukunda Murari - Promo | 26th Apr 2024 | Star Maa Serials | Mon-Sat at 8.30 pm | Star Maa,https://www.youtube.com/watch?v=LhqzokrD3HY
NAUGHTY OR WHAT! | JONATHAN IS BACK!! | BGMI!,https://www.youtube.com/watch?v=CgOHivHWlm8
Gundeninda Gudigantalu - Promo | 26th Apr 2024 | Star Maa Serials | Mon-Fri at 9 pm | Star Maa,https://www.youtube.com/watch?v=wR89cq86Z_M
"Dhee Celebrity Special | 17th April 2024 | Hyper Aadi, Pranitha, Nandu | Full Episode | ETV Telugu",https://www.youtube.com/watch?v=9YtqlEN47YQ
Gully Cricket || Neeraj Bandari || Gangu || Uma Mahesh || Latest Telugu Short Films 2024,https://www.youtube.com/watch?v=6HNDa39_Qgk
AP PCC YS Sharmila Reddy Strong Reply to AP CM YS Jagan | YSRCP | TV5 News,https://www.youtube.com/watch?v=05tSfsF_Cl4
CM Revanth-Reservations | KCR-Kaleshwaram Inquiry | Modi Vs Rahul Election Campaign| V6 Teenmaar,https://www.youtube.com/watch?v=F7xwZsocY_E
ASHER 's FIRST BIRTHDAY CELEBRATION with FAMILY,https://www.youtube.com/watch?v=odJMtaql6p0
"Coolie No 1 Telugu Movie Scenes | Venkatesh, Tabu | Telugu Movies | SP Shorts",https://www.youtube.com/watch?v=u_6ZsynpAMY
Coolie Disco - #COOLIE | Superstar Rajinikanth | Sun Pictures | Lokesh Kanagaraj | Anirudh,https://www.youtube.com/watch?v=ReVGCvWIANA
Everything went well ü§≤ | Ammi ne bahut Himmat dikhayee.,https://www.youtube.com/watch?v=6X6AYyQ3tQI
Sourav Joshi is getting Married ? Dhruv Rathee VS BJP - Funny memes,https://www.youtube.com/watch?v=PWO1cWx6Mys
LOFI LOVEE - Sourav Joshi Vlogs | Priya Dhapa | Bharti | Haarsh | Ved Sharma | Asees Kaur,https://www.youtube.com/watch?v=wRqJVxxA08c
Happy Married Life New Web Series || Episode 03 || Nissar & Khushi mannem || The Mix || Tamada Media,https://www.youtube.com/watch?v=2rOelo9xsVk
CRABS in HOT OIL | Crabs Fry | Malaysian Chilli Crab Recipe Cooking In Indian Village | Seafood,https://www.youtube.com/watch?v=JS_rSOoxy7k
"‡∞ú‡∞ó‡∞®‡±ç ‡∞¶‡±Å‡∞∞‡±ç‡∞Æ‡∞æ‡∞∞‡∞æ‡∞®‡±ç‡∞®‡∞ø ‡∞ö‡±Ü‡∞™‡±ç‡∞§‡±Ç, ‡∞ï‡±ä‡∞§‡±ç‡∞§ ‡∞é‡∞≤‡∞ï‡±ç‡∞∑‡∞®‡±ç ‡∞Ø‡∞æ‡∞°‡±ç ‡∞µ‡∞¶‡∞ø‡∞≤‡∞ø‡∞® ‡∞™‡±É‡∞ß‡±ç‡∞µ‡±Ä.. ‡∞Ø‡∞æ‡∞°‡±ç ‡∞°‡±à‡∞∞‡±Ü‡∞ï‡±ç‡∞ü‡∞∞‡±ç ‡∞é‡∞µ‡∞°‡±ã ‡∞ï‡∞æ‡∞®‡±Ä, ‡∞ï‡±Å‡∞Æ‡±ç‡∞Æ‡±á‡∞∏‡∞æ‡∞°‡±Å..",https://www.youtube.com/watch?v=6xqUBKO_JQ8
Happy Birthday Nag Ashwin - Team Kalki 2898 AD | Vyjayanthi Movies,https://www.youtube.com/watch?v=Ybj32YZLmRs
CM Revanth Fire On KCR | KCR Bus Yatra | Revanth Vs Harish | Gaddam Vamsi-Peddapalli | V6 Teenmaar,https://www.youtube.com/watch?v=8niyrbsaYEg
‡∞™‡∞ö‡±ç‡∞ö‡∞≥‡±ç‡∞≤‡∞≤‡±ã ‡∞Æ‡∞æ ‡∞Ö‡∞§‡±ç‡∞§‡∞Ø‡±ç‡∞Ø ‡∞∞‡±Ç‡∞ü‡±á ‡∞∏‡∞™‡∞∞‡±á‡∞ü‡±Ç || Super Sujatha || Sujatha Vlogs || Strikers,https://www.youtube.com/watch?v=93T67DBwSu8
Satyabhama - Promo | 25th Apr 2024 | Star Maa Serials | Mon-Fri at 9.30 pm | Star Maa,https://www.youtube.com/watch?v=I74Aelxo1qA
Vantalakka - Promo | 25th Apr 2024 | Star Maa Serials | Mon-Sat at 2.30 pm | Star Maa,https://www.youtube.com/watch?v=n7Camp1bji0
Finally ‡∞á‡∞≤‡±ç‡∞≤‡±Å ‡∞ñ‡∞æ‡∞≥‡±Ä ‡∞ö‡±á‡∞∏‡∞æ‡∞Ç | ‡∞í‡∞ï‡±ç‡∞ï ‡∞∏‡∞ø‡∞Ç‡∞ï‡±ç 30 ‡∞µ‡±á‡∞≤‡±Å ‡∞™‡±Ü‡∞ü‡±ç‡∞ü‡∞ø ‡∞ï‡±ä‡∞®‡∞ø‡∞™‡∞ø‡∞Ç‡∞ö‡∞ø‡∞Ç‡∞¶‡∞ø | House Shifting | Naveena vlogs,https://www.youtube.com/watch?v=8gINzHmsdfs
"‡§î‡§∞‡§Ç‡§ó‡§æ‡§¨‡§æ‡§¶ : AIMIM ‡§ï‡•Ä ‡§∞‡•à‡§≤‡•Ä ‡§Æ‡•á‡§Ç ‡§â‡§Æ‡§°‡§º‡§æ ‡§ú‡§®‡§∏‡•à‡§≤‡§æ‡§¨, ‡§∏‡§æ‡§Ç‡§∏‡§¶ ‡§á‡§Æ‡•ç‡§§‡§ø‡§Ø‡§æ‡§ú ‡§ú‡§≤‡•Ä‡§≤ ‡§®‡•á ‡§≠‡§∞‡§æ ‡§ö‡•Å‡§®‡§æ‡§µ‡•Ä ‡§™‡§∞‡§ö‡§æ - Aurangabad News",https://www.youtube.com/watch?v=5Jn4P3O41ys
GHAR DAMAD || EP 1 - DOGLA SUSRAL || MINI SERIES,https://www.youtube.com/watch?v=DG4a3y0Mk6E
üá∞üá∑24 HOURS CVS YELLOW CHALLENGE üíõ Korea vlog,https://www.youtube.com/watch?v=c4-PBsLhl3M
Krushna Abhishek Gets Emotional Seeing Mama Govinda At Sister Arti Singh's Wedding | Family Reunion,https://www.youtube.com/watch?v=vw7Om2xqjMU
Warangal Diaries Announcement | Nabeel Afridi Vlogs,https://www.youtube.com/watch?v=-dz1AVrbZFA
Bhairavapuram 2 Climax | Shiv | Ghost Comedy | MCA | Middle Class Abbayi | Funmoji | Infinitum media,https://www.youtube.com/watch?v=o3bI3X8EFYE
Filmymoji || Middle Class Madhu || Betting Bayya || IPL Special Video || MCM,https://www.youtube.com/watch?v=sm43R_JkWaM
Pushpa 2 The Rule Teaser | Allu Arjun | Sukumar | Rashmika Mandanna | Fahadh Faasil | DSP,https://www.youtube.com/watch?v=wboGYls1Bns
Aa Okkati Adakku - Official Trailer | Allari Naresh | Faria | Malli | Gopi Sundar | Rajiv Chilaka,https://www.youtube.com/watch?v=OK4NIfMxdQE
Mirai Telugu Glimpse | Teja Sajja | Karthik Gattamneni | TG Vishwa Prasad | People Media Factory,https://www.youtube.com/watch?v=xnubQ829q0c
"Avakaya Anjaneya Video Song | HanuMan | Prasanth Varma | Teja Sajja, Amritha, Anudeep Dev, Sahithi",https://www.youtube.com/watch?v=_3-2R-1APls
"Manamey Official Teaser | Sharwanand, Krithi Shetty | Sriram Adittya | Hesham Abdul Wahab",https://www.youtube.com/watch?v=_4Ff1zVtKkw
Aye Amaayika | Part 3 | Telugu Independent film 2024 | Sainma Creations | South Indian Logic,https://www.youtube.com/watch?v=8056apU3cb0
‡∞ï‡∞∞‡±Å‡∞µ‡±Å ‡∞™‡∞®‡∞ø‡∞ï‡∞ø ‡∞™‡±ã‡∞§‡±á - 2 | My village show | Anil geela | Gangavva | 100 days work | Village fun video,https://www.youtube.com/watch?v=DwOlFBAyeZI
"Nindu Noorella Saavasam | Premiere Ep 219 Preview - Apr 24 2024 | Richard Jose, Nisarga | ZEE5",https://www.youtube.com/watch?v=7ErI3SfG_IM
Deadpool & Wolverine | Official Telugu Trailer | In Cinemas July 26,https://www.youtube.com/watch?v=L-kiatWK3gE
Powerful Hanuman Chalisa | HanuMan(Telugu) | Teja Sajja | Prasanth Varma | Saicharan | GowraHari,https://www.youtube.com/watch?v=VKuNHLgrQno
"‡∞ú‡∞ó‡∞®‡±ç ‡∞¶‡±Å‡∞∞‡±ç‡∞Æ‡∞æ‡∞∞‡∞æ‡∞®‡±ç‡∞®‡∞ø ‡∞ö‡±Ü‡∞™‡±ç‡∞§‡±Ç, ‡∞ï‡±ä‡∞§‡±ç‡∞§ ‡∞é‡∞≤‡∞ï‡±ç‡∞∑‡∞®‡±ç ‡∞Ø‡∞æ‡∞°‡±ç ‡∞µ‡∞¶‡∞ø‡∞≤‡∞ø‡∞® ‡∞™‡±É‡∞ß‡±ç‡∞µ‡±Ä.. ‡∞Ø‡∞æ‡∞°‡±ç ‡∞°‡±à‡∞∞‡±Ü‡∞ï‡±ç‡∞ü‡∞∞‡±ç ‡∞é‡∞µ‡∞°‡±ã ‡∞ï‡∞æ‡∞®‡±Ä, ‡∞ï‡±Å‡∞Æ‡±ç‡∞Æ‡±á‡∞∏‡∞æ‡∞°‡±Å..",https://www.youtube.com/watch?v=6xqUBKO_JQ8
Bhaje Vaayu Vegam Teaser | Kartikeya | Ishwarya Menon | Prashanth Reddy | UV Creations,https://www.youtube.com/watch?v=CjtiMKi7jbg
New House Garden | Kitchen Island Mistake | Feeding 10 Stary Dogs | Adi Reddy | New Home Garden,https://www.youtube.com/watch?v=_G6NDI30_gI
"Raghava Lawrence's RUDHRAN (2024) New Released Full Hindi Dubbed Movie |R Sarathkumar, Priya Shankar",https://www.youtube.com/watch?v=VfTShScTMXI
Gully Cricket || Neeraj Bandari || Gangu || Uma Mahesh || Latest Telugu Short Films 2024,https://www.youtube.com/watch?v=6HNDa39_Qgk
Adi Reddy New House Interior Cup Board Work | Sri Rama Navami Vlog | New House Gardening |,https://www.youtube.com/watch?v=648rRKpUn2Y
üôÜüèª‚Äç‚ôÇÔ∏è‡∞Æ‡±ã‡∞∏‡∞Ç ‡∞ö‡±á‡∞∏‡∞ø‡∞® ‡∞≤‡∞µ‡∞∞‡±çüò¢/‡∞ü‡±ã‡∞ï‡∞®‡±ç ‡∞®‡±Ü‡∞Ç:3üòÇ/village comedy videoüòÇ/Laxmi srikanth videos/5star channel‚ù§Ô∏è,https://www.youtube.com/watch?v=6aAT3GYRHjA
"Ye Kannu Kuttindho Yamunike | HanuMan | Teja Sajja, Varalakshmi, Kala Bhairava | Telugu New Songs",https://www.youtube.com/watch?v=-OTK97Vvujs
Happy Married Life New Web Series || Episode 03 || Nissar & Khushi mannem || The Mix || Tamada Media,https://www.youtube.com/watch?v=2rOelo9xsVk
Thaallalla Tagilindu | ‡∞§‡∞æ‡∞≥‡±ç‡∞≥‡∞≤‡±ç‡∞≤ ‡∞§‡∞≤‡∞ø‡∞ó‡∞ø‡∞Ç‡∞°‡±Å | Comedy Shortfilm | rsnanda |,https://www.youtube.com/watch?v=tM91AFQYcPY
Finally ‡∞á‡∞≤‡±ç‡∞≤‡±Å ‡∞ñ‡∞æ‡∞≥‡±Ä ‡∞ö‡±á‡∞∏‡∞æ‡∞Ç | ‡∞í‡∞ï‡±ç‡∞ï ‡∞∏‡∞ø‡∞Ç‡∞ï‡±ç 30 ‡∞µ‡±á‡∞≤‡±Å ‡∞™‡±Ü‡∞ü‡±ç‡∞ü‡∞ø ‡∞ï‡±ä‡∞®‡∞ø‡∞™‡∞ø‡∞Ç‡∞ö‡∞ø‡∞Ç‡∞¶‡∞ø | House Shifting | Naveena vlogs,https://www.youtube.com/watch?v=8gINzHmsdfs
‡∞Æ‡∞æ ‡∞ó‡±É‡∞π‡∞™‡±ç‡∞∞‡∞µ‡±á‡∞∂‡∞æ‡∞®‡∞ø‡∞ï‡∞ø ‡∞∏‡±ç‡∞µ‡∞æ‡∞ó‡∞§‡∞Ç || Manjula Nirupam || Manjula Nirupam Vlogs || Strikers,https://www.youtube.com/watch?v=5DLfMaWyhgs
CRABS in HOT OIL | Crabs Fry | Malaysian Chilli Crab Recipe Cooking In Indian Village | Seafood,https://www.youtube.com/watch?v=JS_rSOoxy7k
The CRINGE Side Of IPL 2024,https://www.youtube.com/watch?v=qwXccMCvDw0
Organizing my dream pooja mandiram | DIY | Complete tour | Vithika sheru | Ep- 161,https://www.youtube.com/watch?v=4fhfVi4JIAk
Whistle Podu Lyrical Video | The Greatest Of All Time | Thalapathy Vijay | VP | U1 | AGS | T-Series,https://www.youtube.com/watch?v=5GSt99nxiJQ
"Dj Tillu Revamp Full Video | Tillu Square | Siddu Jonnalagadda, Anupama | Mallik Ram | Ram Miriyala",https://www.youtube.com/watch?v=zEwLHl0HAjw
Kaadhal Kurise Music Video || Mehaboob Dilse || Sri Satya || Bhargav Ravada || Manish Kumar,https://www.youtube.com/watch?v=tABKi3Rk_2U
Team Leader || Episode - 4 || Shravan Kotha || Tanmayee || Shrija Reddy || Telugu Web Series 2024,https://www.youtube.com/watch?v=lrfMWQ1kFo4
"Bike Reporter: Hyderabad ‡§ï‡•Ä ‡§≤‡§°‡§º‡§æ‡§à ‡§Ö‡§¨ ‡§¨‡•á‡§π‡§¶ ‡§¶‡§ø‡§≤‡§ö‡§∏‡•ç‡§™, ‡§¶‡•á‡§ñ‡§ø‡§è AajTak ‡§ï‡•Ä EXCLUSIVE Ground Report | Owaisi",https://www.youtube.com/watch?v=H_lMQspHons
LOFI LOVEE - Sourav Joshi Vlogs | Priya Dhapa | Bharti | Haarsh | Ved Sharma | Asees Kaur,https://www.youtube.com/watch?v=wRqJVxxA08c
‡∞Ö‡∞∞‡±ç‡∞ß‡∞∞‡∞æ‡∞§‡±ç‡∞∞‡∞ø ‡∞ó‡±ã‡∞™‡∞æ‡∞≤‡±ç ‡∞®‡∞ø ‡∞∞‡±Ç‡∞Æ‡±ç ‡∞≤‡±ã ‡∞≤‡∞æ‡∞ï‡±ç ‡∞ö‡±á‡∞∏‡∞ø‡∞® ‡∞á‡∞Æ‡±ç‡∞∞‡∞æ‡∞®‡±ç ‡∞Ö‡∞®‡±ç‡∞® | Pareshan boys | Darestar gopal,https://www.youtube.com/watch?v=i5X3prvGWdA
"Revanth Reddy Interview: Praise For Modi To Exposing Owaisi's Strategy, Telangana CM Drops Big Guns",https://www.youtube.com/watch?v=UJklti6Iu9g
"Ages 1 - 100 Decide Who Wins $250,000",https://www.youtube.com/watch?v=l-nMKJ5J3Uc
Inside My First Home In Mumbai | Mumbai Home Tour | Actress Lakshmi Manchu Shifts Base To Mumbai,https://www.youtube.com/watch?v=uGW1UXKg3Bc
‡∞Æ‡∞æ‡∞Æ‡∞ø‡∞°‡∞ø ‡∞§‡±ã‡∞ü‡∞≤‡±ã ‡∞ï‡∞ü‡±ç‡∞ü‡±Ü‡∞≤‡∞™‡±ä‡∞Ø‡∞ø‡∞Æ‡±Ä‡∞¶ Chicken Curry at Saavi Farms || Avinash and Anuja || Mukku Avinash,https://www.youtube.com/watch?v=51yf-gXs7Ng
NAUGHTY OR WHAT! | JONATHAN IS BACK!! | BGMI!,https://www.youtube.com/watch?v=CgOHivHWlm8
‡∞™‡∞ö‡±ç‡∞ö‡∞≥‡±ç‡∞≤‡∞≤‡±ã ‡∞Æ‡∞æ ‡∞Ö‡∞§‡±ç‡∞§‡∞Ø‡±ç‡∞Ø ‡∞∞‡±Ç‡∞ü‡±á ‡∞∏‡∞™‡∞∞‡±á‡∞ü‡±Ç || Super Sujatha || Sujatha Vlogs || Strikers,https://www.youtube.com/watch?v=93T67DBwSu8
Happy Birthday Nag Ashwin - Team Kalki 2898 AD | Vyjayanthi Movies,https://www.youtube.com/watch?v=Ybj32YZLmRs
Sonu In Danger | Taarak Mehta Ka Ooltah Chashmah | Full Episode 4041 | 25 Mar 2024,https://www.youtube.com/watch?v=N0NYdYVjXns
5 Layers of Wall Breaking Challenge VS Rajat Dalal üò±,https://www.youtube.com/watch?v=tDgsWO5zd7c
‡∞Æ‡∞æ ‡∞á‡∞≤‡±ç‡∞≤‡±Å HANDOVER ‡∞ö‡±á‡∞∏‡∞æ‡∞∞‡±Å || Vah Vyshnavi || Vyshnavi Vlogs || own house || home,https://www.youtube.com/watch?v=INjtUaabP5Y
‡∞ö‡±Ü‡∞≤‡±ç‡∞≤‡±Ü ‡∞∏‡∞Ç‡∞∏‡∞æ‡∞∞‡∞Ç-2|| CHELLE SAMSARAM -2 || VILLAGEPATAS SISTER SENTIMENT VIDEO #trending,https://www.youtube.com/watch?v=jFyFVYeuwjw
"Lucky Baskhar Teaser | Dulquer Salmaan, Meenakshi Chaudhary | Venky Atluri | GV Prakash",https://www.youtube.com/watch?v=38zkfXEhsJI
"Kalyani Vaccha Vacchaa Video Song - The Family Star | Vijay D, Mrunal | Gopi Sundar |Parasuram",https://www.youtube.com/watch?v=_K5B5tRBo5M
"Dhee Celebrity Special | 17th April 2024 | Hyper Aadi, Pranitha, Nandu | Full Episode | ETV Telugu",https://www.youtube.com/watch?v=9YtqlEN47YQ
Sarkaar Season 4 PROMO| Sudigali Sudheer | Episode 1 on April 20 | aha videoIN,https://www.youtube.com/watch?v=4XxncElsLS4
